{
    "runEmmCommandOne"     :{"cat":"debug", "order": 128, "ctx": "tlua", "onDown"  :"dofile('mods/EllexiumModManager/data/Spawn_Queue_Transient.lua')", "actionMap": "Global", "title": "Ellexium Mod Manager - Run One Command - DO NOT EDIT (shift-ctrl-alt f12)", "desc": "Ellexium Mod Manager - spawn queue transient- DO NOT CUSTOMIZE THIS BINDING" },
    "runEmmCommandMulti"     :{"cat":"debug", "order": 128, "ctx": "tlua", "onDown"  :"dofile('mods/EllexiumModManager/data/Spawn_Queue.lua')", "actionMap": "Global", "title": "Ellexium Mod Manager - Run Multiple Commands - DO NOT EDIT (shift-ctrl-alt f11)", "desc": "Ellexium Mod Manager - spawn queue - DO NOT CUSTOMIZE THIS BINDING" },
    "runEmmCommandDelete"     :{"cat":"debug", "order": 128, "ctx": "tlua", "onDown"  :"dofile('mods/EllexiumModManager/data/Delete.lua')", "actionMap": "Global", "title": "Ellexium Mod Manager - Run Delete Commands - DO NOT EDIT (shift-ctrl-alt f10)", "desc": "Ellexium Mod Manager - delete traffic and parked cars - DO NOT CUSTOMIZE THIS BINDING" }
}
